nn_data_set,nn_data,batch,num_runs,digital_only,adc_type,verbose,parasitics,nn_name,xbar_size,hrs_lrs,resolution,m_mode,hrs_noise,lrs_noise,ifm,top1,top5,top1_baseline,top5_baseline,top1_batch,top5_batch,sim_time_batch_ns,config_idx
cifar10,TRAIN,200,4,False,INF_ADC,False,False,VGG7,"[16, 16]","[5, 21]",-1,BNN_IV,2.3,1,"[32, 32, 3]",41.625,83.125,95.5,100.0,"[0.47, 0.39, 0.385, 0.42]","[0.84, 0.845, 0.815, 0.825]","[2400179617875, 2377801818563, 2396031649334, 2385085456022]",0.0
cifar10,TRAIN,200,4,False,INF_ADC,False,False,VGG7,"[16, 16]","[5, 21]",-1,BNN_IV,2.3,1.5,"[32, 32, 3]",40.5,83.25,95.5,100.0,"[0.45, 0.415, 0.375, 0.38]","[0.85, 0.84, 0.82, 0.82]","[2396579407246, 2367521944747, 2376838552144, 2382826473929]",1.0
cifar10,TRAIN,200,4,False,INF_ADC,False,False,VGG7,"[16, 16]","[5, 21]",-1,BNN_IV,2.3,2,"[32, 32, 3]",39.25,84.625,95.5,100.0,"[0.43, 0.395, 0.37, 0.375]","[0.855, 0.855, 0.85, 0.825]","[2404626391654, 2372958180766, 2375368839460, 2371356259626]",2.0
cifar10,TRAIN,200,4,False,INF_ADC,False,False,VGG7,"[16, 16]","[5, 21]",-1,BNN_IV,2.3,2.5,"[32, 32, 3]",40.5,84.125,95.5,100.0,"[0.475, 0.405, 0.375, 0.365]","[0.875, 0.845, 0.805, 0.84]","[2386601064724, 2384527261286, 2374250430121, 2394687880394]",3.0
cifar10,TRAIN,200,4,False,INF_ADC,False,False,VGG7,"[16, 16]","[5, 21]",-1,BNN_IV,2.3,3,"[32, 32, 3]",39.75,83.25,95.5,100.0,"[0.445, 0.41, 0.355, 0.38]","[0.85, 0.845, 0.82, 0.815]","[2372597748635, 2373013759246, 2389143925747, 2376853494628]",4.0
cifar10,TRAIN,200,4,False,INF_ADC,False,False,VGG7,"[16, 16]","[5, 21]",-1,BNN_IV,2.3,3.5,"[32, 32, 3]",40.0,83.625,95.5,100.0,"[0.4, 0.425, 0.39, 0.385]","[0.845, 0.855, 0.815, 0.83]","[2368561534709, 2378688469280, 2375705958403, 2391817656799]",5.0
cifar10,TRAIN,200,4,False,INF_ADC,False,False,VGG7,"[16, 16]","[5, 21]",-1,BNN_IV,2.3,3.16,"[32, 32, 3]",39.0,83.25,95.5,100.0,"[0.45, 0.385, 0.35, 0.375]","[0.865, 0.815, 0.8, 0.85]","[2393776644580, 2389012464650, 2364184704327, 2384086010492]",6.0
cifar10,TRAIN,200,4,False,INF_ADC,False,False,VGG7,"[16, 16]","[5, 21]",-1,BNN_IV,2.3,4,"[32, 32, 3]",42.0,80.25,95.5,100.0,"[0.43, 0.485, 0.35, 0.415]","[0.84, 0.81, 0.79, 0.77]","[2354731985540, 2397793243403, 2374390700747, 2375041087622]",7.0
cifar10,TRAIN,200,4,False,INF_ADC,False,False,VGG7,"[16, 16]","[5, 21]",-1,BNN_IV,2.3,4.5,"[32, 32, 3]",40.25,82.75,95.5,100.0,"[0.49, 0.36, 0.35, 0.41]","[0.865, 0.83, 0.825, 0.79]","[2394434714506, 2364556887554, 2363169044612, 2402842822747]",8.0
cifar10,TRAIN,200,4,False,INF_ADC,False,False,VGG7,"[16, 16]","[5, 21]",-1,BNN_IV,2.3,5,"[32, 32, 3]",36.875,84.25,95.5,100.0,"[0.47, 0.38, 0.325, 0.3]","[0.875, 0.87, 0.845, 0.78]","[2385981982865, 2383483976307, 2383811854092, 2404486781602]",9.0
cifar10,TRAIN,200,4,False,INF_ADC,False,False,VGG7,"[16, 16]","[5, 21]",-1,BNN_IV,2.3,5.5,"[32, 32, 3]",39.0,79.75,95.5,100.0,"[0.46, 0.39, 0.375, 0.335]","[0.835, 0.825, 0.765, 0.765]","[2364015671886, 2358296037430, 2359686805532, 2370098985492]",10.0
cifar10,TRAIN,200,4,False,INF_ADC,False,False,VGG7,"[16, 16]","[5, 21]",-1,BNN_IV,2.3,6,"[32, 32, 3]",38.25,83.125,95.5,100.0,"[0.44, 0.4, 0.35, 0.34]","[0.82, 0.87, 0.795, 0.84]","[2371631199597, 2385338531481, 2393616871912, 2397153344175]",11.0
cifar10,TRAIN,200,4,False,INF_ADC,False,False,VGG7,"[16, 16]","[5, 21]",-1,BNN_IV,2.3,6.5,"[32, 32, 3]",39.125,80.875,95.5,100.0,"[0.45, 0.42, 0.32, 0.375]","[0.795, 0.865, 0.79, 0.785]","[2367442554844, 2393716602311, 2407374542078, 2370931934743]",12.0
cifar10,TRAIN,200,4,False,INF_ADC,False,False,VGG7,"[16, 16]","[5, 21]",-1,BNN_IV,2.3,7,"[32, 32, 3]",41.25,80.25,95.5,100.0,"[0.455, 0.48, 0.395, 0.32]","[0.825, 0.81, 0.78, 0.795]","[2395748892274, 2397623705676, 2385620054910, 2384587930722]",13.0
cifar10,TRAIN,200,4,False,INF_ADC,False,False,VGG7,"[16, 16]","[5, 21]",-1,BNN_IV,2.3,7.5,"[32, 32, 3]",41.75,81.75,95.5,100.0,"[0.485, 0.43, 0.42, 0.335]","[0.85, 0.81, 0.805, 0.805]","[2382544135026, 2350897275304, 2356342638838, 2391177129812]",14.0
cifar10,TRAIN,200,4,False,INF_ADC,False,False,VGG7,"[16, 16]","[5, 21]",-1,BNN_IV,2.3,8,"[32, 32, 3]",38.125,83.0,95.5,100.0,"[0.45, 0.35, 0.42, 0.305]","[0.835, 0.85, 0.835, 0.8]","[2406196315089, 2383780816362, 2382202922069, 2375545474508]",15.0
cifar10,TRAIN,200,4,False,INF_ADC,False,False,VGG7,"[16, 16]","[5, 21]",-1,BNN_IV,2.3,8.5,"[32, 32, 3]",37.75,79.75,95.5,100.0,"[0.42, 0.405, 0.33, 0.355]","[0.825, 0.8, 0.775, 0.79]","[2408369183587, 2374635604144, 2384218448035, 2385636886615]",16.0
cifar10,TRAIN,200,4,False,INF_ADC,False,False,VGG7,"[16, 16]","[5, 21]",-1,BNN_IV,2.3,8.74,"[32, 32, 3]",35.875,77.0,95.5,100.0,"[0.365, 0.4, 0.29, 0.38]","[0.8, 0.77, 0.8, 0.71]","[2389661508957, 2401432451398, 2378688493450, 2397758779865]",17.0
cifar10,TRAIN,200,4,False,INF_ADC,False,False,VGG7,"[16, 16]","[5, 21]",-1,BNN_IV,2.3,9,"[32, 32, 3]",38.0,79.0,95.5,100.0,"[0.455, 0.465, 0.34, 0.26]","[0.85, 0.77, 0.805, 0.735]","[2364067300614, 2364415817548, 2371037106411, 2374784049706]",18.0
cifar10,TRAIN,200,4,False,INF_ADC,False,False,VGG7,"[16, 16]","[5, 21]",-1,BNN_IV,2.3,9.5,"[32, 32, 3]",38.75,81.5,95.5,100.0,"[0.395, 0.465, 0.365, 0.325]","[0.885, 0.78, 0.795, 0.8]","[2395072972023, 2369769551246, 2396631000679, 2393387492880]",19.0
cifar10,TRAIN,200,4,False,INF_ADC,False,False,VGG7,"[16, 16]","[5, 21]",-1,BNN_IV,2.3,10,"[32, 32, 3]",34.5,79.75,95.5,100.0,"[0.46, 0.365, 0.22, 0.335]","[0.835, 0.815, 0.73, 0.81]","[2413603280754, 2397158001119, 2400965782986, 2387710678965]",20.0
cifar10,TRAIN,200,4,False,INF_ADC,False,False,VGG7,"[16, 16]","[5, 21]",-1,BNN_IV,2.3,10.5,"[32, 32, 3]",38.375,80.0,95.5,100.0,"[0.375, 0.44, 0.32, 0.4]","[0.835, 0.82, 0.765, 0.78]","[2384284096644, 2374302816604, 2347580362511, 2380977174478]",21.0
cifar10,TRAIN,200,4,False,INF_ADC,False,False,VGG7,"[16, 16]","[5, 21]",-1,BNN_IV,2.3,11,"[32, 32, 3]",39.25,78.375,95.5,100.0,"[0.42, 0.4, 0.36, 0.39]","[0.795, 0.815, 0.73, 0.795]","[2391986183082, 2388514033045, 2383544217418, 2392851159668]",22.0
cifar10,TRAIN,200,4,False,INF_ADC,False,False,VGG7,"[16, 16]","[5, 21]",-1,BNN_IV,7.6,1,"[32, 32, 3]",12.875,53.125,95.5,100.0,"[0.135, 0.12, 0.135, 0.125]","[0.535, 0.54, 0.515, 0.535]","[2399968005492, 2350490854583, 2386968618018, 2360028772086]",23.0
cifar10,TRAIN,200,4,False,INF_ADC,False,False,VGG7,"[16, 16]","[5, 21]",-1,BNN_IV,7.6,1.5,"[32, 32, 3]",12.875,54.25,95.5,100.0,"[0.145, 0.105, 0.135, 0.13]","[0.505, 0.55, 0.545, 0.57]","[2374361227439, 2400605143285, 2366396118986, 2370816767416]",24.0
cifar10,TRAIN,200,4,False,INF_ADC,False,False,VGG7,"[16, 16]","[5, 21]",-1,BNN_IV,7.6,2,"[32, 32, 3]",11.625,55.625,95.5,100.0,"[0.11, 0.145, 0.085, 0.125]","[0.51, 0.575, 0.6, 0.54]","[2371546586909, 2388195592313, 2376806441156, 2353089641486]",25.0
cifar10,TRAIN,200,4,False,INF_ADC,False,False,VGG7,"[16, 16]","[5, 21]",-1,BNN_IV,7.6,2.5,"[32, 32, 3]",11.0,53.5,95.5,100.0,"[0.095, 0.105, 0.11, 0.13]","[0.525, 0.54, 0.52, 0.555]","[2394257735801, 2386736563052, 2376428578871, 2389206272944]",26.0
cifar10,TRAIN,200,4,False,INF_ADC,False,False,VGG7,"[16, 16]","[5, 21]",-1,BNN_IV,7.6,3,"[32, 32, 3]",9.375,56.00000000000001,95.5,100.0,"[0.085, 0.07, 0.11, 0.11]","[0.52, 0.615, 0.595, 0.51]","[2369340777805, 2376319310164, 2378949624589, 2358908749016]",27.0
cifar10,TRAIN,200,4,False,INF_ADC,False,False,VGG7,"[16, 16]","[5, 21]",-1,BNN_IV,7.6,3.5,"[32, 32, 3]",10.375,51.37500000000001,95.5,100.0,"[0.1, 0.105, 0.09, 0.12]","[0.465, 0.555, 0.46, 0.575]","[2375049633779, 2373267497170, 2368315017980, 2370312841091]",28.0
cifar10,TRAIN,200,4,False,INF_ADC,False,False,VGG7,"[16, 16]","[5, 21]",-1,BNN_IV,7.6,3.16,"[32, 32, 3]",10.75,52.75,95.5,100.0,"[0.09, 0.095, 0.12, 0.125]","[0.535, 0.505, 0.53, 0.54]","[2382681217176, 2372568102818, 2380966380032, 2371628499058]",29.0
cifar10,TRAIN,200,4,False,INF_ADC,False,False,VGG7,"[16, 16]","[5, 21]",-1,BNN_IV,7.6,4,"[32, 32, 3]",10.5,53.625,95.5,100.0,"[0.095, 0.095, 0.12, 0.11]","[0.535, 0.58, 0.495, 0.535]","[2401211132896, 2379209807996, 2388293717315, 2383625320695]",30.0
cifar10,TRAIN,200,4,False,INF_ADC,False,False,VGG7,"[16, 16]","[5, 21]",-1,BNN_IV,7.6,4.5,"[32, 32, 3]",10.125,52.25,95.5,100.0,"[0.09, 0.12, 0.11, 0.085]","[0.515, 0.58, 0.5, 0.495]","[2378998096600, 2371996802422, 2369977337997, 2350235447937]",31.0
cifar10,TRAIN,200,4,False,INF_ADC,False,False,VGG7,"[16, 16]","[5, 21]",-1,BNN_IV,7.6,5,"[32, 32, 3]",12.625,51.87500000000001,95.5,100.0,"[0.145, 0.12, 0.12, 0.12]","[0.495, 0.53, 0.505, 0.545]","[2391842609193, 2381601407572, 2384321098478, 2391247548342]",32.0
cifar10,TRAIN,200,4,False,INF_ADC,False,False,VGG7,"[16, 16]","[5, 21]",-1,BNN_IV,7.6,5.5,"[32, 32, 3]",12.25,51.125,95.5,100.0,"[0.115, 0.14, 0.13, 0.105]","[0.53, 0.545, 0.455, 0.515]","[2381374915031, 2377798393034, 2363838871272, 2365411165408]",33.0
cifar10,TRAIN,200,4,False,INF_ADC,False,False,VGG7,"[16, 16]","[5, 21]",-1,BNN_IV,7.6,6,"[32, 32, 3]",12.625,52.125,95.5,100.0,"[0.135, 0.145, 0.085, 0.14]","[0.495, 0.55, 0.54, 0.5]","[2390714925200, 2395875820493, 2375876382703, 2376537318766]",34.0
cifar10,TRAIN,200,4,False,INF_ADC,False,False,VGG7,"[16, 16]","[5, 21]",-1,BNN_IV,7.6,6.5,"[32, 32, 3]",9.875,54.0,95.5,100.0,"[0.09, 0.095, 0.11, 0.1]","[0.54, 0.525, 0.52, 0.575]","[2362550641017, 2364773854596, 2347054185813, 2350474092413]",35.0
cifar10,TRAIN,200,4,False,INF_ADC,False,False,VGG7,"[16, 16]","[5, 21]",-1,BNN_IV,7.6,7,"[32, 32, 3]",9.875,49.625,95.5,100.0,"[0.065, 0.105, 0.11, 0.115]","[0.495, 0.475, 0.485, 0.53]","[2358895950022, 2389471790770, 2363981977987, 2393690093911]",36.0
cifar10,TRAIN,200,4,False,INF_ADC,False,False,VGG7,"[16, 16]","[5, 21]",-1,BNN_IV,7.6,7.5,"[32, 32, 3]",10.375,51.625,95.5,100.0,"[0.06, 0.14, 0.105, 0.11]","[0.53, 0.565, 0.465, 0.505]","[2374751850587, 2379425847804, 2370864048854, 2394962223684]",37.0
cifar10,TRAIN,200,4,False,INF_ADC,False,False,VGG7,"[16, 16]","[5, 21]",-1,BNN_IV,7.6,8,"[32, 32, 3]",10.5,54.37499999999999,95.5,100.0,"[0.105, 0.095, 0.08, 0.14]","[0.48, 0.57, 0.585, 0.54]","[2381570770311, 2392789701112, 2371279727773, 2391876784316]",38.0
cifar10,TRAIN,200,4,False,INF_ADC,False,False,VGG7,"[16, 16]","[5, 21]",-1,BNN_IV,7.6,8.5,"[32, 32, 3]",11.5,50.875,95.5,100.0,"[0.105, 0.125, 0.115, 0.115]","[0.46, 0.535, 0.54, 0.5]","[2404415714114, 2387921741706, 2373435451037, 2374532029929]",39.0
cifar10,TRAIN,200,4,False,INF_ADC,False,False,VGG7,"[16, 16]","[5, 21]",-1,BNN_IV,7.6,8.74,"[32, 32, 3]",11.5,50.74999999999999,95.5,100.0,"[0.105, 0.1, 0.15, 0.105]","[0.53, 0.525, 0.495, 0.48]","[2362391086885, 2378843187682, 2376371003527, 2351369589431]",40.0
cifar10,TRAIN,200,4,False,INF_ADC,False,False,VGG7,"[16, 16]","[5, 21]",-1,BNN_IV,7.6,9,"[32, 32, 3]",12.0,53.75,95.5,100.0,"[0.115, 0.135, 0.11, 0.12]","[0.53, 0.585, 0.47, 0.565]","[2381762772440, 2376847279216, 2392161067169, 2378501721124]",41.0
cifar10,TRAIN,200,4,False,INF_ADC,False,False,VGG7,"[16, 16]","[5, 21]",-1,BNN_IV,7.6,9.5,"[32, 32, 3]",9.0,52.87500000000001,95.5,100.0,"[0.115, 0.1, 0.055, 0.09]","[0.52, 0.505, 0.525, 0.565]","[2370178467164, 2387896943751, 2386097760956, 2365450577221]",42.0
cifar10,TRAIN,200,4,False,INF_ADC,False,False,VGG7,"[16, 16]","[5, 21]",-1,BNN_IV,7.6,10,"[32, 32, 3]",11.125,54.37499999999999,95.5,100.0,"[0.105, 0.085, 0.155, 0.1]","[0.565, 0.55, 0.61, 0.45]","[2381942178655, 2379258076673, 2376175661887, 2372547851748]",43.0
cifar10,TRAIN,200,4,False,INF_ADC,False,False,VGG7,"[16, 16]","[5, 21]",-1,BNN_IV,7.6,10.5,"[32, 32, 3]",9.875,51.125,95.5,100.0,"[0.115, 0.095, 0.075, 0.11]","[0.455, 0.52, 0.51, 0.56]","[2371000515939, 2362924830448, 2385603720696, 2375025601745]",44.0
cifar10,TRAIN,200,4,False,INF_ADC,False,False,VGG7,"[16, 16]","[5, 21]",-1,BNN_IV,7.6,11,"[32, 32, 3]",12.875,55.375,95.5,100.0,"[0.105, 0.12, 0.15, 0.14]","[0.515, 0.58, 0.54, 0.58]","[2337267649444, 2378444748319, 2379378253657, 2369489728809]",45.0
cifar10,TRAIN,200,4,False,INF_ADC,False,False,VGG7,"[16, 16]","[5, 41]",-1,BNN_IV,2.3,1,"[32, 32, 3]",39.75,83.375,95.5,100.0,"[0.475, 0.395, 0.38, 0.34]","[0.855, 0.855, 0.815, 0.81]","[2389905588182, 2396467265858, 2392901987632, 2388785496592]",46.0
cifar10,TRAIN,200,4,False,INF_ADC,False,False,VGG7,"[16, 16]","[5, 41]",-1,BNN_IV,2.3,1.5,"[32, 32, 3]",39.5,83.75,95.5,100.0,"[0.44, 0.415, 0.365, 0.36]","[0.87, 0.85, 0.8, 0.83]","[2367302259808, 2367321611940, 2364006916632, 2360220317944]",47.0
cifar10,TRAIN,200,4,False,INF_ADC,False,False,VGG7,"[16, 16]","[5, 41]",-1,BNN_IV,2.3,2,"[32, 32, 3]",40.5,84.125,95.5,100.0,"[0.46, 0.4, 0.395, 0.365]","[0.885, 0.81, 0.805, 0.865]","[2390637542785, 2379793324447, 2381219591949, 2375459445971]",48.0
cifar10,TRAIN,200,4,False,INF_ADC,False,False,VGG7,"[16, 16]","[5, 41]",-1,BNN_IV,2.3,2.5,"[32, 32, 3]",40.625,82.375,95.5,100.0,"[0.455, 0.415, 0.395, 0.36]","[0.845, 0.84, 0.79, 0.82]","[2389921728017, 2397589883858, 2367541412897, 2376197094453]",49.0
cifar10,TRAIN,200,4,False,INF_ADC,False,False,VGG7,"[16, 16]","[5, 41]",-1,BNN_IV,2.3,3,"[32, 32, 3]",39.5,83.5,95.5,100.0,"[0.45, 0.405, 0.355, 0.37]","[0.84, 0.83, 0.815, 0.855]","[2370200583222, 2349250780901, 2365463629477, 2354926553250]",50.0
cifar10,TRAIN,200,4,False,INF_ADC,False,False,VGG7,"[16, 16]","[5, 41]",-1,BNN_IV,2.3,3.5,"[32, 32, 3]",40.875,82.375,95.5,100.0,"[0.48, 0.385, 0.395, 0.375]","[0.855, 0.835, 0.805, 0.8]","[2359098194293, 2373221941815, 2377901296267, 2364370158597]",51.0
cifar10,TRAIN,200,4,False,INF_ADC,False,False,VGG7,"[16, 16]","[5, 41]",-1,BNN_IV,2.3,3.16,"[32, 32, 3]",40.625,83.5,95.5,100.0,"[0.46, 0.425, 0.37, 0.37]","[0.86, 0.835, 0.825, 0.82]","[2399408838287, 2367986889989, 2371800328723, 2391164593933]",52.0
cifar10,TRAIN,200,4,False,INF_ADC,False,False,VGG7,"[16, 16]","[5, 41]",-1,BNN_IV,2.3,4,"[32, 32, 3]",41.375,84.125,95.5,100.0,"[0.5, 0.435, 0.38, 0.34]","[0.87, 0.835, 0.825, 0.835]","[2387600683174, 2376524114197, 2370595511828, 2370703416457]",53.0
cifar10,TRAIN,200,4,False,INF_ADC,False,False,VGG7,"[16, 16]","[5, 41]",-1,BNN_IV,2.3,4.5,"[32, 32, 3]",40.375,83.875,95.5,100.0,"[0.445, 0.425, 0.375, 0.37]","[0.86, 0.835, 0.815, 0.845]","[2380530022665, 2376165045212, 2377174061942, 2376441778194]",54.0
cifar10,TRAIN,200,4,False,INF_ADC,False,False,VGG7,"[16, 16]","[5, 41]",-1,BNN_IV,2.3,5,"[32, 32, 3]",40.125,84.875,95.5,100.0,"[0.5, 0.38, 0.365, 0.36]","[0.855, 0.885, 0.83, 0.825]","[2375051372756, 2393920187530, 2371878681139, 2380586852323]",55.0
cifar10,TRAIN,200,4,False,INF_ADC,False,False,VGG7,"[16, 16]","[5, 41]",-1,BNN_IV,2.3,5.5,"[32, 32, 3]",42.5,82.125,95.5,100.0,"[0.475, 0.43, 0.355, 0.44]","[0.845, 0.825, 0.805, 0.81]","[2351789301814, 2355566914738, 2372864418903, 2368034099793]",56.0
cifar10,TRAIN,200,4,False,INF_ADC,False,False,VGG7,"[16, 16]","[5, 41]",-1,BNN_IV,2.3,6,"[32, 32, 3]",38.5,83.5,95.5,100.0,"[0.42, 0.395, 0.38, 0.345]","[0.85, 0.805, 0.82, 0.865]","[2359265169292, 2341842133814, 2362362459939, 2359103426238]",57.0
cifar10,TRAIN,200,4,False,INF_ADC,False,False,VGG7,"[16, 16]","[5, 41]",-1,BNN_IV,2.3,6.5,"[32, 32, 3]",42.0,82.875,95.5,100.0,"[0.47, 0.46, 0.395, 0.355]","[0.86, 0.845, 0.795, 0.815]","[2369166119301, 2382254646801, 2383667582796, 2386917059920]",58.0
cifar10,TRAIN,200,4,False,INF_ADC,False,False,VGG7,"[16, 16]","[5, 41]",-1,BNN_IV,2.3,7,"[32, 32, 3]",42.375,84.625,95.5,100.0,"[0.465, 0.48, 0.365, 0.385]","[0.875, 0.855, 0.83, 0.825]","[2384910214819, 2392531718683, 2376874182014, 2372661249583]",59.0
cifar10,TRAIN,200,4,False,INF_ADC,False,False,VGG7,"[16, 16]","[5, 41]",-1,BNN_IV,2.3,7.5,"[32, 32, 3]",39.875,84.875,95.5,100.0,"[0.46, 0.445, 0.33, 0.36]","[0.88, 0.86, 0.815, 0.84]","[2381664390668, 2373169167254, 2385911276696, 2365769669747]",60.0
cifar10,TRAIN,200,4,False,INF_ADC,False,False,VGG7,"[16, 16]","[5, 41]",-1,BNN_IV,2.3,8,"[32, 32, 3]",42.0,85.125,95.5,100.0,"[0.465, 0.47, 0.34, 0.405]","[0.88, 0.86, 0.82, 0.845]","[2378379362917, 2380981194422, 2361993686614, 2399290463873]",61.0
cifar10,TRAIN,200,4,False,INF_ADC,False,False,VGG7,"[16, 16]","[5, 41]",-1,BNN_IV,2.3,8.5,"[32, 32, 3]",38.875,82.125,95.5,100.0,"[0.435, 0.395, 0.37, 0.355]","[0.84, 0.82, 0.81, 0.815]","[2362903156187, 2387630512547, 2375665930751, 2365698010289]",62.0
cifar10,TRAIN,200,4,False,INF_ADC,False,False,VGG7,"[16, 16]","[5, 41]",-1,BNN_IV,2.3,8.74,"[32, 32, 3]",40.375,83.625,95.5,100.0,"[0.435, 0.42, 0.35, 0.41]","[0.865, 0.85, 0.835, 0.795]","[2398963950398, 2389259139476, 2382029703276, 2397211018580]",63.0
cifar10,TRAIN,200,4,False,INF_ADC,False,False,VGG7,"[16, 16]","[5, 41]",-1,BNN_IV,2.3,9,"[32, 32, 3]",37.25,84.375,95.5,100.0,"[0.37, 0.4, 0.375, 0.345]","[0.885, 0.835, 0.805, 0.85]","[2384511432213, 2399359702072, 2355782009258, 2384905041959]",64.0
cifar10,TRAIN,200,4,False,INF_ADC,False,False,VGG7,"[16, 16]","[5, 41]",-1,BNN_IV,2.3,9.5,"[32, 32, 3]",38.25,82.625,95.5,100.0,"[0.4, 0.415, 0.33, 0.385]","[0.825, 0.855, 0.795, 0.83]","[2366612761114, 2385155444727, 2383119875002, 2378275924831]",65.0
cifar10,TRAIN,200,4,False,INF_ADC,False,False,VGG7,"[16, 16]","[5, 41]",-1,BNN_IV,2.3,10,"[32, 32, 3]",38.875,82.25,95.5,100.0,"[0.44, 0.415, 0.365, 0.335]","[0.81, 0.835, 0.805, 0.84]","[2361817414315, 2372493550253, 2357531639952, 2373025714561]",66.0
cifar10,TRAIN,200,4,False,INF_ADC,False,False,VGG7,"[16, 16]","[5, 41]",-1,BNN_IV,2.3,10.5,"[32, 32, 3]",41.625,84.75,95.5,100.0,"[0.465, 0.44, 0.405, 0.355]","[0.88, 0.825, 0.825, 0.86]","[2366497965161, 2366188338738, 2379998059070, 2370171591661]",67.0
cifar10,TRAIN,200,4,False,INF_ADC,False,False,VGG7,"[16, 16]","[5, 41]",-1,BNN_IV,2.3,11,"[32, 32, 3]",41.375,83.25,95.5,100.0,"[0.455, 0.43, 0.38, 0.39]","[0.865, 0.85, 0.825, 0.79]","[2392873506435, 2389409837449, 2382552647020, 2374829149527]",68.0
cifar10,TRAIN,200,4,False,INF_ADC,False,False,VGG7,"[16, 16]","[5, 41]",-1,BNN_IV,7.6,1,"[32, 32, 3]",26.75,72.125,95.5,100.0,"[0.295, 0.29, 0.245, 0.24]","[0.725, 0.74, 0.73, 0.69]","[2387985629990, 2366445295823, 2368000553402, 2379567155567]",69.0
cifar10,TRAIN,200,4,False,INF_ADC,False,False,VGG7,"[16, 16]","[5, 41]",-1,BNN_IV,7.6,1.5,"[32, 32, 3]",26.375,74.875,95.5,100.0,"[0.265, 0.31, 0.22, 0.26]","[0.75, 0.765, 0.76, 0.72]","[2382264680882, 2370544392572, 2392285215239, 2358742215721]",70.0
cifar10,TRAIN,200,4,False,INF_ADC,False,False,VGG7,"[16, 16]","[5, 41]",-1,BNN_IV,7.6,2,"[32, 32, 3]",24.5,73.25,95.5,100.0,"[0.23, 0.29, 0.22, 0.24]","[0.74, 0.735, 0.76, 0.695]","[2363435273235, 2373231539020, 2374334231756, 2378841839275]",71.0
cifar10,TRAIN,200,4,False,INF_ADC,False,False,VGG7,"[16, 16]","[5, 41]",-1,BNN_IV,7.6,2.5,"[32, 32, 3]",26.875,74.125,95.5,100.0,"[0.3, 0.3, 0.23, 0.245]","[0.73, 0.73, 0.78, 0.725]","[2064198770400, 2026651249959, 2035562655748, 2040530643466]",72.0
cifar10,TRAIN,200,4,False,INF_ADC,False,False,VGG7,"[16, 16]","[5, 41]",-1,BNN_IV,7.6,3,"[32, 32, 3]",25.624999999999996,71.375,95.5,100.0,"[0.275, 0.285, 0.185, 0.28]","[0.695, 0.745, 0.71, 0.705]","[2075558613891, 2038834260141, 2034155122892, 2025126834235]",73.0
cifar10,TRAIN,200,4,False,INF_ADC,False,False,VGG7,"[16, 16]","[5, 41]",-1,BNN_IV,7.6,3.5,"[32, 32, 3]",25.0,74.875,95.5,100.0,"[0.265, 0.235, 0.245, 0.255]","[0.75, 0.755, 0.755, 0.735]","[2047953668506, 2018070147829, 2040927064494, 2026894494478]",74.0
cifar10,TRAIN,200,4,False,INF_ADC,False,False,VGG7,"[16, 16]","[5, 41]",-1,BNN_IV,7.6,3.16,"[32, 32, 3]",27.625,74.75,95.5,100.0,"[0.27, 0.28, 0.26, 0.295]","[0.74, 0.75, 0.76, 0.74]","[2050385622881, 2030024604508, 2031687498254, 2020851903367]",75.0
cifar10,TRAIN,200,4,False,INF_ADC,False,False,VGG7,"[16, 16]","[5, 41]",-1,BNN_IV,7.6,4,"[32, 32, 3]",26.0,71.875,95.5,100.0,"[0.24, 0.29, 0.245, 0.265]","[0.705, 0.725, 0.745, 0.7]","[2054690264539, 2036692078613, 2047948564345, 2021521986879]",76.0
cifar10,TRAIN,200,4,False,INF_ADC,False,False,VGG7,"[16, 16]","[5, 41]",-1,BNN_IV,7.6,4.5,"[32, 32, 3]",28.125,72.125,95.5,100.0,"[0.305, 0.31, 0.25, 0.26]","[0.715, 0.725, 0.73, 0.715]","[2064674922296, 2047838522240, 2041459322122, 2006706079960]",77.0
cifar10,TRAIN,200,4,False,INF_ADC,False,False,VGG7,"[16, 16]","[5, 41]",-1,BNN_IV,7.6,5,"[32, 32, 3]",25.25,72.875,95.5,100.0,"[0.255, 0.295, 0.19, 0.27]","[0.745, 0.715, 0.75, 0.705]","[2022001421175, 2014276867843, 2010710024808, 2009478998022]",78.0
cifar10,TRAIN,200,4,False,INF_ADC,False,False,VGG7,"[16, 16]","[5, 41]",-1,BNN_IV,7.6,5.5,"[32, 32, 3]",27.125,72.5,95.5,100.0,"[0.315, 0.26, 0.255, 0.255]","[0.715, 0.725, 0.73, 0.73]","[2059685757908, 2026241915925, 2021542481122, 2009275015989]",79.0
cifar10,TRAIN,200,4,False,INF_ADC,False,False,VGG7,"[16, 16]","[5, 41]",-1,BNN_IV,7.6,6,"[32, 32, 3]",25.75,72.875,95.5,100.0,"[0.285, 0.245, 0.265, 0.235]","[0.735, 0.76, 0.75, 0.67]","[2027133211743, 2027626250858, 2020344645460, 2025628200541]",80.0
cifar10,TRAIN,200,4,False,INF_ADC,False,False,VGG7,"[16, 16]","[5, 41]",-1,BNN_IV,7.6,6.5,"[32, 32, 3]",24.875,73.5,95.5,100.0,"[0.27, 0.275, 0.22, 0.23]","[0.75, 0.735, 0.745, 0.71]","[2059697822586, 2036643407929, 2046073350079, 1987006443491]",81.0
cifar10,TRAIN,200,4,False,INF_ADC,False,False,VGG7,"[16, 16]","[5, 41]",-1,BNN_IV,7.6,7,"[32, 32, 3]",24.375,72.375,95.5,100.0,"[0.25, 0.25, 0.23, 0.245]","[0.695, 0.715, 0.76, 0.725]","[2045837140051, 2020459772104, 2042197342283, 2005555754202]",82.0
cifar10,TRAIN,200,4,False,INF_ADC,False,False,VGG7,"[16, 16]","[5, 41]",-1,BNN_IV,7.6,7.5,"[32, 32, 3]",27.125,72.625,95.5,100.0,"[0.28, 0.25, 0.305, 0.25]","[0.7, 0.765, 0.735, 0.705]","[2038081686339, 2033343162736, 2011937260547, 1994744293569]",83.0
cifar10,TRAIN,200,4,False,INF_ADC,False,False,VGG7,"[16, 16]","[5, 41]",-1,BNN_IV,7.6,8,"[32, 32, 3]",24.75,74.0,95.5,100.0,"[0.275, 0.23, 0.24, 0.245]","[0.735, 0.745, 0.755, 0.725]","[2014606968664, 2013304790389, 2014574969678, 2023984931752]",84.0
cifar10,TRAIN,200,4,False,INF_ADC,False,False,VGG7,"[16, 16]","[5, 41]",-1,BNN_IV,7.6,8.5,"[32, 32, 3]",25.124999999999996,74.625,95.5,100.0,"[0.21, 0.295, 0.245, 0.255]","[0.795, 0.745, 0.74, 0.705]","[2031741311760, 2020829115200, 2031886325420, 2001921731077]",85.0
cifar10,TRAIN,200,4,False,INF_ADC,False,False,VGG7,"[16, 16]","[5, 41]",-1,BNN_IV,7.6,8.74,"[32, 32, 3]",23.375,73.625,95.5,100.0,"[0.25, 0.27, 0.18, 0.235]","[0.67, 0.79, 0.725, 0.76]","[2036138648388, 2038873928446, 2039340364909, 1986894105697]",86.0
cifar10,TRAIN,200,4,False,INF_ADC,False,False,VGG7,"[16, 16]","[5, 41]",-1,BNN_IV,7.6,9,"[32, 32, 3]",29.125,71.5,95.5,100.0,"[0.29, 0.325, 0.24, 0.31]","[0.68, 0.715, 0.77, 0.695]","[2037396434048, 2048275008479, 2014429265452, 1982849522975]",87.0
cifar10,TRAIN,200,4,False,INF_ADC,False,False,VGG7,"[16, 16]","[5, 41]",-1,BNN_IV,7.6,9.5,"[32, 32, 3]",23.625,73.5,95.5,100.0,"[0.26, 0.265, 0.16, 0.26]","[0.735, 0.74, 0.715, 0.75]","[2048059072302, 2039287088023, 2043752348860, 1969382766943]",88.0
cifar10,TRAIN,200,4,False,INF_ADC,False,False,VGG7,"[16, 16]","[5, 41]",-1,BNN_IV,7.6,10,"[32, 32, 3]",26.5,72.125,95.5,100.0,"[0.29, 0.275, 0.22, 0.275]","[0.735, 0.725, 0.715, 0.71]","[2042452596482, 2031297291981, 2039686046919, 1971173632127]",89.0
cifar10,TRAIN,200,4,False,INF_ADC,False,False,VGG7,"[16, 16]","[5, 41]",-1,BNN_IV,7.6,10.5,"[32, 32, 3]",26.5,74.0,95.5,100.0,"[0.23, 0.305, 0.265, 0.26]","[0.735, 0.805, 0.725, 0.695]","[2017824799378, 2001038916041, 2006215118837, 2011867699047]",90.0
cifar10,TRAIN,200,4,False,INF_ADC,False,False,VGG7,"[16, 16]","[5, 41]",-1,BNN_IV,7.6,11,"[32, 32, 3]",26.25,69.375,95.5,100.0,"[0.275, 0.3, 0.205, 0.27]","[0.705, 0.69, 0.725, 0.655]","[2043845897437, 2035576714616, 2038552258794, 1964949304001]",91.0
